t_s,ball_x_px,ball_y_px,setpoint_x_px,setpoint_y_px,err_x_m_window,err_y_m_window,servo1_deg,servo2_deg,servo3_deg
1.224260330200195312e-01,2.581388854980468750e+02,1.581388854980468750e+02,2.656666564941406250e+02,2.123333282470703125e+02,2.932591829448938370e-03,2.111251465976238251e-02,0.000000000000000000e+00,5.663464658948110753e+01,5.547167651213489137e+01
1.586391925811767578e-01,2.580465087890625000e+02,1.577674407958984375e+02,2.656666564941406250e+02,2.123333282470703125e+02,2.968578832224011421e-03,2.125721797347068787e-02,1.696443423176062026e+01,4.066384646237309397e+01,4.514124359448794621e+01
1.952714920043945312e-01,2.578870849609375000e+02,1.580000000000000000e+02,2.656666564941406250e+02,2.123333282470703125e+02,3.030685475096106529e-03,2.116662077605724335e-02,1.819048357238413161e+01,4.020271490998685238e+01,4.443731927576170904e+01
2.206964492797851562e-01,2.576478271484375000e+02,1.581695709228515625e+02,2.656666564941406250e+02,2.123333282470703125e+02,3.123893169686198235e-03,2.110056020319461823e-02,1.814315224084819533e+01,4.045892456325231734e+01,4.422410310663160260e+01
2.499821186065673828e-01,2.572488708496093750e+02,1.599264526367187500e+02,2.656666564941406250e+02,2.123333282470703125e+02,3.279314376413822174e-03,2.041613310575485229e-02,2.202483261315040863e+01,3.892527024716307693e+01,4.197207808341703839e+01
2.832148075103759766e-01,2.563360595703125000e+02,1.636639404296875000e+02,2.656666564941406250e+02,2.123333282470703125e+02,3.634918015450239182e-03,1.896012015640735626e-02,2.609582482312707086e+01,3.781249018433461373e+01,3.895043645211882222e+01
3.140709400177001953e-01,2.555657958984375000e+02,1.662180480957031250e+02,2.656666564941406250e+02,2.123333282470703125e+02,3.934989683330059052e-03,1.796511746942996979e-02,2.393091883186926339e+01,3.872181988508670258e+01,4.025164746106398894e+01
3.628461360931396484e-01,2.549827575683593750e+02,1.683965454101562500e+02,2.656666564941406250e+02,2.123333282470703125e+02,4.162123426795005798e-03,1.711644046008586884e-02,2.173195345306326232e+01,3.915205840003396531e+01,4.203408981119071086e+01
3.944213390350341797e-01,2.546250000000000000e+02,1.685000000000000000e+02,2.656666564941406250e+02,2.123333282470703125e+02,4.301494918763637543e-03,1.707613840699195862e-02,1.889625604387039104e+01,4.051804137498236003e+01,4.343722430171247595e+01
4.264731407165527344e-01,2.550897827148437500e+02,1.686716613769531250e+02,2.656666564941406250e+02,2.123333282470703125e+02,4.120429977774620056e-03,1.700926385819911957e-02,1.903194818813091871e+01,3.895739336716393098e+01,4.487881288813323977e+01
4.584383964538574219e-01,2.547946777343750000e+02,1.686089782714843750e+02,2.656666564941406250e+02,2.123333282470703125e+02,4.235393833369016647e-03,1.703368313610553741e-02,1.851733194909321512e+01,4.057993337926505006e+01,4.374124693171517464e+01
4.981493949890136719e-01,2.548412170410156250e+02,1.706578521728515625e+02,2.656666564941406250e+02,2.123333282470703125e+02,4.217263311147689819e-03,1.623550429940223694e-02,2.288285329734016571e+01,3.782527825947295241e+01,4.222646889092906974e+01
5.279381275177001953e-01,2.549375000000000000e+02,1.725000000000000000e+02,2.656666564941406250e+02,2.123333282470703125e+02,4.179754760116338730e-03,1.551785878837108612e-02,2.298937987449956921e+01,3.766540757336429124e+01,4.228076234124382893e+01
5.566003322601318359e-01,2.542564086914062500e+02,1.748644714355468750e+02,2.656666564941406250e+02,2.123333282470703125e+02,4.445087164640426636e-03,1.459673233330249786e-02,2.425711628534430986e+01,3.850153133836064256e+01,4.014376322361459160e+01
5.874502658843994141e-01,2.530909118652343750e+02,1.770000000000000000e+02,2.656666564941406250e+02,2.123333282470703125e+02,4.899129271507263184e-03,1.376479491591453552e-02,2.412561123674665708e+01,3.960907593146529848e+01,3.913439362873150174e+01
6.183962821960449219e-01,2.526480865478515625e+02,1.781601257324218750e+02,2.656666564941406250e+02,2.123333282470703125e+02,5.071640945971012115e-03,1.331284549087285995e-02,2.208889002958814984e+01,3.930005972258804547e+01,4.152599404363172653e+01
6.499464511871337891e-01,2.529529418945312500e+02,1.794294128417968750e+02,2.656666564941406250e+02,2.123333282470703125e+02,4.952878225594758987e-03,1.281836908310651779e-02,2.238509617630388249e+01,3.774146401359153202e+01,4.280899677109359658e+01
6.835415363311767578e-01,2.530587921142578125e+02,1.804615783691406250e+02,2.656666564941406250e+02,2.123333282470703125e+02,4.911642521619796753e-03,1.241626869887113571e-02,2.190200487286838182e+01,3.834343706827775833e+01,4.268397992526474383e+01
7.147040367126464844e-01,2.534726867675781250e+02,1.826170806884765625e+02,2.656666564941406250e+02,2.123333282470703125e+02,4.750401712954044342e-03,1.157655008137226105e-02,2.461443586247212068e+01,3.637047057982573506e+01,4.194170041532080973e+01
7.615847587585449219e-01,2.534921112060546875e+02,1.843049316406250000e+02,2.656666564941406250e+02,2.123333282470703125e+02,4.742834251374006271e-03,1.091901492327451706e-02,2.242718662979289945e+01,3.821510186297446410e+01,4.228945781122187242e+01
7.959523200988769531e-01,2.535487213134765625e+02,1.864131927490234375e+02,2.656666564941406250e+02,2.123333282470703125e+02,4.720780532807111740e-03,1.009770017117261887e-02,2.468512247762376788e+01,3.700290323382135682e+01,4.123302101389860752e+01
8.259515762329101562e-01,2.534428558349609375e+02,1.876642913818359375e+02,2.656666564941406250e+02,2.123333282470703125e+02,4.762022756040096283e-03,9.610310196876525879e-03,2.312804158067612548e+01,3.809234739083338184e+01,4.170957514692099721e+01
8.594055175781250000e-01,2.527121276855468750e+02,1.879931182861328125e+02,2.656666564941406250e+02,2.123333282470703125e+02,5.046692211180925369e-03,9.482208639383316040e-03,2.110569432657991484e+01,4.024627374778569333e+01,4.154108865770593439e+01
8.919007778167724609e-01,2.522476654052734375e+02,1.892570037841796875e+02,2.656666564941406250e+02,2.123333282470703125e+02,5.227632820606231689e-03,8.989837951958179474e-03,2.317209170264967355e+01,3.879779284892455138e+01,4.094663750423972459e+01
9.225533008575439453e-01,2.525810852050781250e+02,1.899324340820312500e+02,2.656666564941406250e+02,2.123333282470703125e+02,5.097742658108472824e-03,8.726710453629493713e-03,2.203735247531561470e+01,3.789407776565499830e+01,4.300190313986604451e+01
9.550688266754150391e-01,2.532326660156250000e+02,1.913019866943359375e+02,2.656666564941406250e+02,2.123333282470703125e+02,4.843906499445438385e-03,8.193174377083778381e-03,2.356576528031593298e+01,3.652354843986729804e+01,4.284737051707357125e+01
9.869246482849121094e-01,2.532355499267578125e+02,1.914658813476562500e+02,2.656666564941406250e+02,2.123333282470703125e+02,4.842782858759164810e-03,8.129325695335865021e-03,2.107344327179204413e+01,3.891913837447863500e+01,4.292436509873657258e+01
1.018680095672607422e+00,2.532555541992187500e+02,1.913833312988281250e+02,2.656666564941406250e+02,2.123333282470703125e+02,4.834989551454782486e-03,8.161484263837337494e-03,2.053143722741402399e+01,3.915056909729473489e+01,4.322485437291938126e+01
1.050899267196655273e+00,2.531230163574218750e+02,1.912848510742187500e+02,2.656666564941406250e+02,2.123333282470703125e+02,4.886622540652751923e-03,8.199849165976047516e-03,2.048553613061448431e+01,3.945693905647102895e+01,4.296006669701647951e+01
1.082656383514404297e+00,2.527962951660156250e+02,1.907592620849609375e+02,2.656666564941406250e+02,2.123333282470703125e+02,5.013903137296438217e-03,8.404603227972984314e-03,1.949945151012867939e+01,4.031548316855975145e+01,4.305574228517212276e+01
1.113993167877197266e+00,2.526131439208984375e+02,1.908266448974609375e+02,2.656666564941406250e+02,2.123333282470703125e+02,5.085253156721591949e-03,8.378352969884872437e-03,2.078724418395933782e+01,3.944952190509826551e+01,4.267003574022799484e+01
1.162554740905761719e+00,2.525000000000000000e+02,1.900000000000000000e+02,2.656666564941406250e+02,2.123333282470703125e+02,5.129330791532993317e-03,8.700388483703136444e-03,1.938521053516519288e+01,3.993503249298437652e+01,4.355301206393102831e+01
1.194986820220947266e+00,2.522326660156250000e+02,1.893019866943359375e+02,2.656666564941406250e+02,2.123333282470703125e+02,5.233475938439369202e-03,8.972313255071640015e-03,1.900231279765667836e+01,4.047852789028281251e+01,4.337437735201778821e+01
1.226916074752807617e+00,2.526208343505859375e+02,1.888012237548828125e+02,2.656666564941406250e+02,2.123333282470703125e+02,5.082257557660341263e-03,9.167395532131195068e-03,1.935110974605435885e+01,3.910806684964121160e+01,4.441946093224941450e+01
1.258612632751464844e+00,2.527107238769531250e+02,1.879907531738281250e+02,2.656666564941406250e+02,2.123333282470703125e+02,5.047239363193511963e-03,9.483130648732185364e-03,1.857926107796179238e+01,4.000686395222994918e+01,4.426095751673281598e+01
1.290908575057983398e+00,2.526458282470703125e+02,1.864270782470703125e+02,2.656666564941406250e+02,2.123333282470703125e+02,5.072520580142736435e-03,1.009229104965925217e-02,1.684381225159683737e+01,4.110860189040439394e+01,4.480684705493350606e+01
1.322929620742797852e+00,2.526458282470703125e+02,1.854270782470703125e+02,2.656666564941406250e+02,2.123333282470703125e+02,5.072520580142736435e-03,1.048186048865318298e-02,1.793117989810450652e+01,4.048286971485437391e+01,4.440322003231804615e+01
1.355087518692016602e+00,2.525193786621093750e+02,1.849224853515625000e+02,2.656666564941406250e+02,2.123333282470703125e+02,5.121781490743160248e-03,1.067843474447727203e-02,1.895336309989086843e+01,4.023214765618925526e+01,4.367171998149458290e+01
1.387008905410766602e+00,2.515657958984375000e+02,1.842180480957031250e+02,2.656666564941406250e+02,2.123333282470703125e+02,5.493268370628356934e-03,1.095286197960376740e-02,1.843677818745624108e+01,4.203334621581974062e+01,4.233566320373053316e+01
1.419697284698486328e+00,2.515657958984375000e+02,1.842180480957031250e+02,2.656666564941406250e+02,2.123333282470703125e+02,5.493268370628356934e-03,1.095286197960376740e-02,1.995284775327862192e+01,3.960240375919385514e+01,4.333560695996514056e+01
1.450643777847290039e+00,2.519245147705078125e+02,1.828549804687500000e+02,2.656666564941406250e+02,2.123333282470703125e+02,5.353522486984729767e-03,1.148387230932712555e-02,1.675760473922183280e+01,4.042999527360528589e+01,4.557173106374666816e+01
1.484033823013305664e+00,2.517417755126953125e+02,1.824021606445312500e+02,2.656666564941406250e+02,2.123333282470703125e+02,5.424712318927049637e-03,1.166027691215276718e-02,1.879035542271135029e+01,4.047335187200084050e+01,4.358524125788407844e+01
1.514444112777709961e+00,2.522745056152343750e+02,1.817843170166015625e+02,2.656666564941406250e+02,2.123333282470703125e+02,5.217176396399736404e-03,1.190096978098154068e-02,1.835711396260118278e+01,3.934886773857710551e+01,4.513546111891092494e+01
1.561850786209106445e+00,2.522745056152343750e+02,1.817843170166015625e+02,2.656666564941406250e+02,2.123333282470703125e+02,5.217176396399736404e-03,1.190096978098154068e-02,1.968775500258667321e+01,3.967364987700375423e+01,4.352257573942982560e+01
1.594833850860595703e+00,2.520312500000000000e+02,1.808437500000000000e+02,2.656666564941406250e+02,2.123333282470703125e+02,5.311941727995872498e-03,1.226738654077053070e-02,1.761332999353615492e+01,4.110311655264768405e+01,4.407983829332167147e+01
1.626552820205688477e+00,2.522333374023437500e+02,1.802333374023437500e+02,2.656666564941406250e+02,2.123333282470703125e+02,5.233214702457189560e-03,1.250518485903739929e-02,1.819303275799297381e+01,4.002653459286992188e+01,4.461239164659209422e+01
1.658481359481811523e+00,2.520465087890625000e+02,1.807674407958984375e+02,2.656666564941406250e+02,2.123333282470703125e+02,5.305997096002101898e-03,1.229711435735225677e-02,2.071875558128686379e+01,3.953103802439926540e+01,4.265494878538434875e+01
1.690688371658325195e+00,2.520214385986328125e+02,1.804187316894531250e+02,2.656666564941406250e+02,2.123333282470703125e+02,5.315763875842094421e-03,1.243296079337596893e-02,1.878107644739171533e+01,4.017312708957439327e+01,4.389825443690247653e+01
1.722702503204345703e+00,2.520000000000000000e+02,1.810000000000000000e+02,2.656666564941406250e+02,2.123333282470703125e+02,5.324115511029958725e-03,1.220651622861623764e-02,2.081843418312747929e+01,3.918644921063219755e+01,4.290586582738169596e+01
1.765880346298217773e+00,2.520312500000000000e+02,1.808437500000000000e+02,2.656666564941406250e+02,2.123333282470703125e+02,5.311941727995872498e-03,1.226738654077053070e-02,1.929346274011277984e+01,3.984008472794153022e+01,4.373825035740986067e+01
1.795098543167114258e+00,2.522745056152343750e+02,1.817843170166015625e+02,2.656666564941406250e+02,2.123333282470703125e+02,5.217176396399736404e-03,1.190096978098154068e-02,2.193924024799495953e+01,3.807074924457184295e+01,4.292176487441155075e+01
1.827074289321899414e+00,2.524489746093750000e+02,1.818061218261718750e+02,2.656666564941406250e+02,2.123333282470703125e+02,5.149208940565586090e-03,1.189247518777847290e-02,1.967934335307541360e+01,3.931658386994350707e+01,4.389109073340313216e+01
1.856010437011718750e+00,2.522745056152343750e+02,1.817843170166015625e+02,2.656666564941406250e+02,2.123333282470703125e+02,5.217176396399736404e-03,1.190096978098154068e-02,1.957368640991743902e+01,4.002030596000523843e+01,4.328292514268247260e+01
1.882591247558593750e+00,2.520312500000000000e+02,1.818437500000000000e+02,2.656666564941406250e+02,2.123333282470703125e+02,5.311941727995872498e-03,1.187781710177659988e-02,1.977072349847344412e+01,4.017900637040958145e+01,4.292912944053628621e+01
1.914067268371582031e+00,2.520000000000000000e+02,1.820000000000000000e+02,2.656666564941406250e+02,2.123333282470703125e+02,5.324115511029958725e-03,1.181694678962230682e-02,1.996554001801402833e+01,3.961866640800609218e+01,4.330673065783882691e+01
1.966202497482299805e+00,2.522752838134765625e+02,1.837808990478515625e+02,2.656666564941406250e+02,2.123333282470703125e+02,5.216873250901699066e-03,1.112316176295280457e-02,2.216064006585343904e+01,3.815563844005166771e+01,4.261579602465837269e+01
1.999796390533447266e+00,2.526208343505859375e+02,1.838012237548828125e+02,2.656666564941406250e+02,2.123333282470703125e+02,5.082257557660341263e-03,1.111524458974599838e-02,1.981843280733999180e+01,3.900509379856338654e+01,4.406902936442583751e+01
2.026089668273925781e+00,2.522530059814453125e+02,1.848795166015625000e+02,2.656666564941406250e+02,2.123333282470703125e+02,5.225552245974540710e-03,1.069517433643341064e-02,2.265373140222278892e+01,3.903058061808835788e+01,4.123293231493443756e+01
2.057820558547973633e+00,2.519884796142578125e+02,1.848368530273437500e+02,2.656666564941406250e+02,2.123333282470703125e+02,5.328603554517030716e-03,1.071179471909999847e-02,1.977174061443833608e+01,4.013710352382032198e+01,4.297072616471558604e+01
2.090443372726440430e+00,2.521230163574218750e+02,1.852848510742187500e+02,2.656666564941406250e+02,2.123333282470703125e+02,5.276192445307970047e-03,1.053726766258478165e-02,2.084345381849591305e+01,3.888713486082821191e+01,4.318369033170672111e+01
2.125823497772216797e+00,2.518255767822265625e+02,1.862383728027343750e+02,2.656666564941406250e+02,2.123333282470703125e+02,5.392065737396478653e-03,1.016580499708652496e-02,2.186643952429269788e+01,3.914558842629809021e+01,4.190633258325875943e+01
2.159501552581787109e+00,2.523673400878906250e+02,1.868979644775390625e+02,2.656666564941406250e+02,2.123333282470703125e+02,5.181011278182268143e-03,9.908847510814666748e-03,2.138105277295864681e+01,3.791065543981611086e+01,4.363526586242372218e+01
2.187431097030639648e+00,2.523649291992187500e+02,1.878933715820312500e+02,2.656666564941406250e+02,2.123333282470703125e+02,5.181950516998767853e-03,9.521067142486572266e-03,2.255553634717894695e+01,3.827032712671751824e+01,4.210500729220839844e+01
2.218806982040405273e+00,2.522326660156250000e+02,1.883019866943359375e+02,2.656666564941406250e+02,2.123333282470703125e+02,5.233475938439369202e-03,9.361883625388145447e-03,2.105499310438354499e+01,3.925713946542620647e+01,4.260037423177632832e+01
2.250177145004272461e+00,2.518612670898437500e+02,1.892439422607421875e+02,2.656666564941406250e+02,2.123333282470703125e+02,5.378162022680044174e-03,8.994925767183303833e-03,2.222867543828052916e+01,3.913001363827801526e+01,4.155925164771936409e+01
2.288706779479980469e+00,2.516165008544921875e+02,1.898106842041015625e+02,2.656666564941406250e+02,2.123333282470703125e+02,5.473515484482049942e-03,8.774139918386936188e-03,2.132744499814723937e+01,3.930656548501901426e+01,4.227987489169649393e+01
2.319202661514282227e+00,2.516953430175781250e+02,1.897465057373046875e+02,2.656666564941406250e+02,2.123333282470703125e+02,5.442800931632518768e-03,8.799142204225063324e-03,2.013496530848548005e+01,3.935001872522474287e+01,4.341244658023352088e+01
2.362224817276000977e+00,2.521326904296875000e+02,1.902504425048828125e+02,2.656666564941406250e+02,2.123333282470703125e+02,5.272423382848501205e-03,8.602824062108993530e-03,2.108070172798411335e+01,3.845414770574545571e+01,4.338602694937963378e+01
2.394809484481811523e+00,2.525810852050781250e+02,1.909324340820312500e+02,2.656666564941406250e+02,2.123333282470703125e+02,5.097742658108472824e-03,8.337141014635562897e-03,2.183382082713557537e+01,3.779346780494739733e+01,4.330495384688934735e+01
2.426765441894531250e+00,2.521323547363281250e+02,1.908915405273437500e+02,2.656666564941406250e+02,2.123333282470703125e+02,5.272554233670234680e-03,8.353071287274360657e-03,2.028739215008316421e+01,4.020247192943406844e+01,4.239739997270682181e+01
2.467322587966918945e+00,2.518258361816406250e+02,1.909719085693359375e+02,2.656666564941406250e+02,2.123333282470703125e+02,5.391964688897132874e-03,8.321762084960937500e-03,2.051542172620108673e+01,3.975538326092880936e+01,4.262773727784757227e+01
2.500772476196289062e+00,2.518381347656250000e+02,1.914379425048828125e+02,2.656666564941406250e+02,2.123333282470703125e+02,5.387173499912023544e-03,8.140210062265396118e-03,2.143492065817315151e+01,3.883687045006625027e+01,4.264952484451295334e+01
2.522236585617065430e+00,2.519003601074218750e+02,1.909165191650390625e+02,2.656666564941406250e+02,2.123333282470703125e+02,5.362932570278644562e-03,8.343340829014778137e-03,1.891049703678354632e+01,3.993200296908580071e+01,4.401669323168876247e+01
2.554178714752197266e+00,2.519559631347656250e+02,1.901683959960937500e+02,2.656666564941406250e+02,2.123333282470703125e+02,5.341270938515663147e-03,8.634787052869796753e-03,1.866974490068005110e+01,4.008698501847769080e+01,4.409284821434621904e+01
2.586754560470581055e+00,2.521230163574218750e+02,1.902848510742187500e+02,2.656666564941406250e+02,2.123333282470703125e+02,5.276192445307970047e-03,8.589419536292552948e-03,2.053547769095718323e+01,3.898023559829352536e+01,4.339279494582984853e+01
2.624493598937988281e+00,2.519411773681640625e+02,1.900000000000000000e+02,2.656666564941406250e+02,2.123333282470703125e+02,5.347031168639659882e-03,8.700388483703136444e-03,1.971934339403463454e+01,3.997272384211770202e+01,4.318888228213590708e+01
2.656410217285156250e+00,2.519411773681640625e+02,1.900000000000000000e+02,2.656666564941406250e+02,2.123333282470703125e+02,5.347031168639659882e-03,8.700388483703136444e-03,2.025226537889229306e+01,3.942757259875772746e+01,4.321906066146737402e+01
2.683460235595703125e+00,2.523155212402343750e+02,1.895272521972656250e+02,2.656666564941406250e+02,2.123333282470703125e+02,5.201198160648345947e-03,8.884556591510772705e-03,1.899923312756615346e+01,3.920481766158569314e+01,4.466255929784365009e+01
2.713819265365600586e+00,2.522326660156250000e+02,1.893019866943359375e+02,2.656666564941406250e+02,2.123333282470703125e+02,5.233475938439369202e-03,8.972313255071640015e-03,1.968268151490596196e+01,3.983117382115471372e+01,4.336815054152344828e+01
2.762646198272705078e+00,2.516875000000000000e+02,1.891250000000000000e+02,2.656666564941406250e+02,2.123333282470703125e+02,5.445856135338544846e-03,9.041261859238147736e-03,1.989887265142361272e+01,4.026644956516769014e+01,4.271449094317731010e+01
2.799640178680419922e+00,2.517816162109375000e+02,1.887356262207031250e+02,2.656666564941406250e+02,2.123333282470703125e+02,5.409191362559795380e-03,9.192950092256069183e-03,1.930646738957561936e+01,3.973466372150032555e+01,4.383209629671614493e+01
2.834066390991210938e+00,2.516911773681640625e+02,1.890000000000000000e+02,2.656666564941406250e+02,2.123333282470703125e+02,5.444423761218786240e-03,9.089957922697067261e-03,2.063726881196538798e+01,3.940791101902517113e+01,4.286026715223547967e+01
2.859339237213134766e+00,2.518593139648437500e+02,1.888574218750000000e+02,2.656666564941406250e+02,2.123333282470703125e+02,5.378922913223505020e-03,9.145502932369709015e-03,1.976156950859584427e+01,3.932954212156167983e+01,4.379793333218402296e+01
2.890748262405395508e+00,2.518612670898437500e+02,1.892439422607421875e+02,2.656666564941406250e+02,2.123333282470703125e+02,5.378162022680044174e-03,8.994925767183303833e-03,2.098055620296443635e+01,3.907633304336056312e+01,4.285719653010032459e+01
2.922698974609375000e+00,2.519411773681640625e+02,1.890000000000000000e+02,2.656666564941406250e+02,2.123333282470703125e+02,5.347031168639659882e-03,9.089957922697067261e-03,1.958498546916984751e+01,3.960591978936976432e+01,4.369118786542206578e+01
2.961776018142700195e+00,2.518612670898437500e+02,1.892439422607421875e+02,2.656666564941406250e+02,2.123333282470703125e+02,5.378162022680044174e-03,8.994925767183303833e-03,2.057105004996479281e+01,3.940185734008630902e+01,4.293166259517747108e+01
2.993235826492309570e+00,2.519411773681640625e+02,1.890000000000000000e+02,2.656666564941406250e+02,2.123333282470703125e+02,5.347031168639659882e-03,9.089957922697067261e-03,1.955390868310627539e+01,3.961570175703638341e+01,4.371157485330157755e+01
3.018621444702148438e+00,2.516875000000000000e+02,1.891250000000000000e+02,2.656666564941406250e+02,2.123333282470703125e+02,5.445856135338544846e-03,9.041261859238147736e-03,2.041610756526236514e+01,3.989906317230793320e+01,4.257956264265096280e+01
3.050132513046264648e+00,2.517323760986328125e+02,1.896564178466796875e+02,2.656666564941406250e+02,2.123333282470703125e+02,5.428373813629150391e-03,8.834238164126873016e-03,2.130234465085557360e+01,3.885076925755221566e+01,4.276694023641984188e+01
3.081880807876586914e+00,2.514387817382812500e+02,1.895357208251953125e+02,2.656666564941406250e+02,2.123333282470703125e+02,5.542749539017677307e-03,8.881257846951484680e-03,1.987156962625173406e+01,4.018347050844263890e+01,4.282574132372886311e+01
3.127464532852172852e+00,2.518222503662109375e+02,1.893688201904296875e+02,2.656666564941406250e+02,2.123333282470703125e+02,5.393361672759056091e-03,8.946277201175689697e-03,1.983380043179426266e+01,3.910775007364009070e+01,4.395085528730137980e+01
3.168300151824951172e+00,2.513273315429687500e+02,1.885575561523437500e+02,2.656666564941406250e+02,2.123333282470703125e+02,5.586166866123676300e-03,9.262321516871452332e-03,1.864661500324575982e+01,4.094583855934394023e+01,4.324440504670236862e+01
3.194866180419921875e+00,2.516030883789062500e+02,1.894484558105468750e+02,2.656666564941406250e+02,2.123333282470703125e+02,5.478740204125642776e-03,8.915253914892673492e-03,2.207102933093987929e+01,3.804859963339305295e+01,4.281295657169544455e+01
3.226598262786865234e+00,2.515211334228515625e+02,1.888239440917968750e+02,2.656666564941406250e+02,2.123333282470703125e+02,5.510667804628610611e-03,9.158544242382049561e-03,1.868118290439511142e+01,4.036427855426734368e+01,4.380141971767903897e+01
3.258362770080566406e+00,2.516953430175781250e+02,1.897465057373046875e+02,2.656666564941406250e+02,2.123333282470703125e+02,5.442800931632518768e-03,8.799142204225063324e-03,2.210043107880643731e+01,3.822656619568513747e+01,4.260427204258819245e+01
3.294887304306030273e+00,2.516953430175781250e+02,1.897465057373046875e+02,2.656666564941406250e+02,2.123333282470703125e+02,5.442800931632518768e-03,8.799142204225063324e-03,2.011544820133028821e+01,3.951346204733797407e+01,4.326635001447151296e+01
3.327075242996215820e+00,2.517323760986328125e+02,1.896564178466796875e+02,2.656666564941406250e+02,2.123333282470703125e+02,5.428373813629150391e-03,8.834238164126873016e-03,1.990289637448916338e+01,3.954478665346454846e+01,4.344272869262484704e+01
3.355997085571289062e+00,2.519411773681640625e+02,1.900000000000000000e+02,2.656666564941406250e+02,2.123333282470703125e+02,5.347031168639659882e-03,8.700388483703136444e-03,2.091062303122664190e+01,3.870671623684676632e+01,4.329941875181531685e+01
3.386688947677612305e+00,2.518612670898437500e+02,1.882439422607421875e+02,2.656666564941406250e+02,2.123333282470703125e+02,5.378162022680044174e-03,9.384495206177234650e-03,1.597338978140884080e+01,4.160937055007659779e+01,4.512123363619902250e+01
3.419627189636230469e+00,2.514953308105468750e+02,1.887336425781250000e+02,2.656666564941406250e+02,2.123333282470703125e+02,5.520719569176435471e-03,9.193723089993000031e-03,2.101519715982230707e+01,3.973292808927708819e+01,4.215602338879976685e+01
3.458332538604736328e+00,2.514953308105468750e+02,1.877336425781250000e+02,2.656666564941406250e+02,2.123333282470703125e+02,5.520719569176435471e-03,9.583292528986930847e-03,1.788352342688173380e+01,4.059680952172301716e+01,4.433375794834130801e+01
3.488330364227294922e+00,2.518717956542968750e+02,1.890512847900390625e+02,2.656666564941406250e+02,2.123333282470703125e+02,5.374060012400150299e-03,9.069979190826416016e-03,2.270581794667034714e+01,3.757455822859184735e+01,4.265641778925868977e+01
3.514201879501342773e+00,2.522530059814453125e+02,1.898795166015625000e+02,2.656666564941406250e+02,2.123333282470703125e+02,5.225552245974540710e-03,8.747325278818607330e-03,2.218789571101495284e+01,3.763356079212825023e+01,4.311375344663874642e+01
3.562243700027465820e+00,2.528717956542968750e+02,1.890512847900390625e+02,2.656666564941406250e+02,2.123333282470703125e+02,4.984490573406219482e-03,9.069979190826416016e-03,1.881386041180264712e+01,3.930505650256534977e+01,4.474072608196274814e+01
3.594993114471435547e+00,2.518222503662109375e+02,1.893688201904296875e+02,2.656666564941406250e+02,2.123333282470703125e+02,5.393361672759056091e-03,8.946277201175689697e-03,2.069065359411874994e+01,4.106417847246352437e+01,4.111341270491921307e+01
3.633546829223632812e+00,2.512449035644531250e+02,1.876802673339843750e+02,2.656666564941406250e+02,2.123333282470703125e+02,5.618278402835130692e-03,9.604086168110370636e-03,1.673678708043318508e+01,4.202952514082044644e+01,4.397424325277555823e+01
3.663007259368896484e+00,2.506296844482421875e+02,1.868544616699218750e+02,2.656666564941406250e+02,2.123333282470703125e+02,5.857949145138263702e-03,9.925794787704944611e-03,1.763869648687829894e+01,4.208969978825099645e+01,4.305023435094864936e+01
3.690582752227783203e+00,2.506208343505859375e+02,1.868012237548828125e+02,2.656666564941406250e+02,2.123333282470703125e+02,5.861396901309490204e-03,9.946535341441631317e-03,1.964564663997250804e+01,3.984222835817971031e+01,4.339311278965541163e+01
3.723262071609497070e+00,2.515492095947265625e+02,1.874108581542968750e+02,2.656666564941406250e+02,2.123333282470703125e+02,5.499729886651039124e-03,9.709039703011512756e-03,2.113499478903412765e+01,3.732650169532664819e+01,4.446008790182652604e+01
3.753955841064453125e+00,2.518255767822265625e+02,1.872383728027343750e+02,2.656666564941406250e+02,2.123333282470703125e+02,5.392065737396478653e-03,9.776234626770019531e-03,1.943012386586715934e+01,3.934846866402627086e+01,4.410127643027152544e+01
3.794437646865844727e+00,2.522031250000000000e+02,1.880000000000000000e+02,2.656666564941406250e+02,2.123333282470703125e+02,5.244984291493892670e-03,9.479528293013572693e-03,2.123622353814347719e+01,3.834992213645748649e+01,4.333739811098456585e+01
3.828431129455566406e+00,2.519615325927734375e+02,1.871923065185546875e+02,2.656666564941406250e+02,2.123333282470703125e+02,5.339101422578096390e-03,9.794181212782859802e-03,1.815491428575428401e+01,4.083207966051470805e+01,4.383497243918509412e+01
3.851704597473144531e+00,2.506131439208984375e+02,1.878266448974609375e+02,2.656666564941406250e+02,2.123333282470703125e+02,5.864392966032028198e-03,9.547062218189239502e-03,2.160267523069856566e+01,4.203312665328640918e+01,3.918639348564609293e+01
3.882745027542114258e+00,2.503461608886718750e+02,1.869615325927734375e+02,2.656666564941406250e+02,2.123333282470703125e+02,5.968401208519935608e-03,9.884083643555641174e-03,1.779843550870387858e+01,4.122289638405619883e+01,4.378082837034481400e+01
3.914513587951660156e+00,2.508684234619140625e+02,1.868157958984375000e+02,2.656666564941406250e+02,2.123333282470703125e+02,5.764943547546863556e-03,9.940857999026775360e-03,1.940786134173226074e+01,3.898080919858188054e+01,4.449212548232113562e+01
3.969613313674926758e+00,2.510562896728515625e+02,1.866291351318359375e+02,2.656666564941406250e+02,2.123333282470703125e+02,5.691756494343280792e-03,1.001357566565275192e-02,1.944669405618095581e+01,3.967958706608663277e+01,4.375140932350301171e+01
3.997348785400390625e+00,2.517383270263671875e+02,1.869746704101562500e+02,2.656666564941406250e+02,2.123333282470703125e+02,5.426055751740932465e-03,9.878965094685554504e-03,2.051816528767895420e+01,3.798770344447766689e+01,4.440533568797899022e+01
4.033343553543090820e+00,2.512864227294921875e+02,1.884724426269531250e+02,2.656666564941406250e+02,2.123333282470703125e+02,5.602103658020496368e-03,9.295478463172912598e-03,2.263409504134534700e+01,3.902458503797603129e+01,4.125886820811124522e+01
4.057923316955566406e+00,2.505454559326171875e+02,1.868181762695312500e+02,2.656666564941406250e+02,2.123333282470703125e+02,5.890761967748403549e-03,9.939931333065032959e-03,1.504286808969089151e+01,4.367683105032499213e+01,4.388910698002074184e+01
4.091562747955322266e+00,2.504787292480468750e+02,1.872702178955078125e+02,2.656666564941406250e+02,2.123333282470703125e+02,5.916756577789783478e-03,9.763829410076141357e-03,2.068101763302531992e+01,3.945435316902296563e+01,4.277002628775516513e+01
4.132590293884277344e+00,2.504528350830078125e+02,1.870603790283203125e+02,2.656666564941406250e+02,2.123333282470703125e+02,5.926844198256731033e-03,9.845576249063014984e-03,1.935106636522722212e+01,4.001711363944941979e+01,4.350315189202384403e+01
4.165847778320312500e+00,2.512352905273437500e+02,1.875098114013671875e+02,2.656666564941406250e+02,2.123333282470703125e+02,5.622023250907659531e-03,9.670490399003028870e-03,2.081677014914756541e+01,3.762668718296259840e+01,4.447321321362971958e+01
4.194482326507568359e+00,2.521601715087890625e+02,1.882906494140625000e+02,2.656666564941406250e+02,2.123333282470703125e+02,5.261717829853296280e-03,9.366299957036972046e-03,2.152811079001973482e+01,3.705878275785551068e+01,4.433992937597999884e+01
4.220570087432861328e+00,2.520357208251953125e+02,1.875535736083984375e+02,2.656666564941406250e+02,2.123333282470703125e+02,5.310200154781341553e-03,9.653442539274692535e-03,1.799298838566747705e+01,4.074510315254434545e+01,4.407876969272993506e+01
4.250588417053222656e+00,2.514717712402343750e+02,1.878458862304687500e+02,2.656666564941406250e+02,2.123333282470703125e+02,5.529897753149271011e-03,9.539566002786159515e-03,2.042419146871550240e+01,4.046139917268003217e+01,4.199766982754977818e+01
4.283424854278564453e+00,2.503673400878906250e+02,1.878979644775390625e+02,2.656666564941406250e+02,2.123333282470703125e+02,5.960150621831417084e-03,9.519278071820735931e-03,1.986848458788348637e+01,4.174313125574335004e+01,4.122916982820587606e+01
4.321970701217651367e+00,2.501329650878906250e+02,1.884526367187500000e+02,2.656666564941406250e+02,2.123333282470703125e+02,6.051456090062856674e-03,9.303194470703601837e-03,2.080588028648499233e+01,3.966032113058700759e+01,4.243742200454368430e+01
4.366560697555541992e+00,2.508612670898437500e+02,1.882439422607421875e+02,2.656666564941406250e+02,2.123333282470703125e+02,5.767731461673974991e-03,9.384495206177234650e-03,1.946458974416730570e+01,3.899501179841140441e+01,4.442291633826933150e+01
4.395727634429931641e+00,2.513299865722656250e+02,1.884780578613281250e+02,2.656666564941406250e+02,2.123333282470703125e+02,5.585132632404565811e-03,9.293290786445140839e-03,2.034589705890699918e+01,3.849397832649461293e+01,4.406737400186689513e+01
4.426687479019165039e+00,2.517182464599609375e+02,1.886542816162109375e+02,2.656666564941406250e+02,2.123333282470703125e+02,5.433878395706415176e-03,9.224640205502510071e-03,2.018797274259011942e+01,3.875967385098645224e+01,4.395514092025449315e+01
4.458958625793457031e+00,2.520076446533203125e+02,1.887079467773437500e+02,2.656666564941406250e+02,2.123333282470703125e+02,5.321137607097625732e-03,9.203733876347541809e-03,1.991847196600049941e+01,3.904900045372988870e+01,4.392741222998061801e+01
4.495220184326171875e+00,2.506131439208984375e+02,1.878266448974609375e+02,2.656666564941406250e+02,2.123333282470703125e+02,5.864392966032028198e-03,9.547062218189239502e-03,1.807236839274022699e+01,4.270907640697598140e+01,4.199395529689346063e+01
4.529760599136352539e+00,2.502257995605468750e+02,1.870000000000000000e+02,2.656666564941406250e+02,2.123333282470703125e+02,6.015290506184101105e-03,9.869097732007503510e-03,1.797363810957579133e+01,4.129289180659597491e+01,4.354122195879594415e+01
4.555276632308959961e+00,2.505454559326171875e+02,1.878181762695312500e+02,2.656666564941406250e+02,2.123333282470703125e+02,5.890761967748403549e-03,9.550360962748527527e-03,2.188740536595850017e+01,3.801550971800448764e+01,4.302883676984186678e+01
4.587017536163330078e+00,2.511600036621093750e+02,1.875599975585937500e+02,2.656666564941406250e+02,2.123333282470703125e+02,5.651352927088737488e-03,9.650940075516700745e-03,1.910566820832103119e+01,3.892827510272137914e+01,4.483685222586124297e+01
4.619000911712646484e+00,2.521601715087890625e+02,1.882906494140625000e+02,2.656666564941406250e+02,2.123333282470703125e+02,5.261717829853296280e-03,9.366299957036972046e-03,2.129329943269895864e+01,3.708789630613203769e+01,4.454174184408877579e+01
4.659087181091308594e+00,2.517383270263671875e+02,1.879746704101562500e+02,2.656666564941406250e+02,2.123333282470703125e+02,5.426055751740932465e-03,9.489395655691623688e-03,1.913538669827451244e+01,4.060052724534980229e+01,4.312094598534022794e+01
4.690123558044433594e+00,2.509285736083984375e+02,1.873571472167968750e+02,2.656666564941406250e+02,2.123333282470703125e+02,5.741511005908250809e-03,9.729963727295398712e-03,1.804064643140863922e+01,4.228227661157277595e+01,4.246445245046642469e+01
4.715322971343994141e+00,2.501944427490234375e+02,1.875694427490234375e+02,2.656666564941406250e+02,2.123333282470703125e+02,6.027506198734045029e-03,9.647260420024394989e-03,2.012384623629272795e+01,4.101684223281203856e+01,4.172511523942981881e+01
4.762634277343750000e+00,2.500376281738281250e+02,1.872714996337890625e+02,2.656666564941406250e+02,2.123333282470703125e+02,6.088596303015947342e-03,9.763330221176147461e-03,1.917146914269612878e+01,4.029011338810259701e+01,4.340118812015953154e+01
4.804729700088500977e+00,2.506131439208984375e+02,1.878266448974609375e+02,2.656666564941406250e+02,2.123333282470703125e+02,5.864392966032028198e-03,9.547062218189239502e-03,2.060515351684618324e+01,3.852997053740682531e+01,4.377745206209502271e+01
4.851761817932128906e+00,2.511600036621093750e+02,1.875599975585937500e+02,2.656666564941406250e+02,2.123333282470703125e+02,5.651352927088737488e-03,9.650940075516700745e-03,1.921719829855779693e+01,3.930475542189959981e+01,4.435162375285366210e+01
4.863175630569458008e+00,2.520376281738281250e+02,1.882714996337890625e+02,2.656666564941406250e+02,2.123333282470703125e+02,5.309456959366798401e-03,9.373759850859642029e-03,2.300333088177497842e+01,3.454229395251270773e+01,4.535904575952223183e+01
4.893428564071655273e+00,2.515283050537109375e+02,1.888207550048828125e+02,2.656666564941406250e+02,2.123333282470703125e+02,5.507873836904764175e-03,9.159786626696586609e-03,2.101641799959068635e+01,4.009197074800243854e+01,4.178809947673170910e+01
4.923120260238647461e+00,2.509221038818359375e+02,1.885703582763671875e+02,2.656666564941406250e+02,2.123333282470703125e+02,5.744031164795160294e-03,9.257333353161811829e-03,1.911763242549217878e+01,4.122608109846515845e+01,4.249984965338354215e+01
4.956197977066040039e+00,2.502325134277343750e+02,1.874783935546875000e+02,2.656666564941406250e+02,2.123333282470703125e+02,6.012674886733293533e-03,9.682729840278625488e-03,1.730208703724295560e+01,4.215610900621704360e+01,4.330560565419909125e+01
4.993788480758666992e+00,2.498255767822265625e+02,1.862383728027343750e+02,2.656666564941406250e+02,2.123333282470703125e+02,6.171205081045627594e-03,1.016580499708652496e-02,1.708199269355538519e+01,4.174713017651140490e+01,4.393313458663336490e+01
5.024348735809326172e+00,2.503302307128906250e+02,1.868274230957031250e+02,2.656666564941406250e+02,2.123333282470703125e+02,5.974607076495885849e-03,9.936328977346420288e-03,2.082941860960770697e+01,3.832646977921548626e+01,4.376155333680923576e+01
5.051199913024902344e+00,2.509730834960937500e+02,1.874320068359375000e+02,2.656666564941406250e+02,2.123333282470703125e+02,5.724171176552772522e-03,9.700801223516464233e-03,2.104169806694593348e+01,3.779572081727560828e+01,4.408420947491908493e+01
5.083264589309692383e+00,2.521601715087890625e+02,1.882906494140625000e+02,2.656666564941406250e+02,2.123333282470703125e+02,5.261717829853296280e-03,9.366299957036972046e-03,2.140929333421463454e+01,3.677182619429849808e+01,4.474108209074414333e+01
5.114284038543701172e+00,2.520000000000000000e+02,1.875000000000000000e+02,2.656666564941406250e+02,2.123333282470703125e+02,5.324115511029958725e-03,9.674312546849250793e-03,1.779423056579362594e+01,4.089428213558439040e+01,4.411829315333912405e+01
5.168355226516723633e+00,2.512268066406250000e+02,1.873865966796875000e+02,2.656666564941406250e+02,2.123333282470703125e+02,5.625328514724969864e-03,9.718491695821285248e-03,1.939537029278767832e+01,4.071700650360978102e+01,4.274858428799710452e+01
5.200157642364501953e+00,2.496250000000000000e+02,1.865000000000000000e+02,2.656666564941406250e+02,2.123333282470703125e+02,6.249343976378440857e-03,1.006388291716575623e-02,1.731143041822806694e+01,4.416724343089519778e+01,4.122048192174202796e+01
5.233272790908813477e+00,2.496188659667968750e+02,1.860825195312500000e+02,2.656666564941406250e+02,2.123333282470703125e+02,6.251733284443616867e-03,1.022652070969343185e-02,1.859410883976794082e+01,4.041880447408864541e+01,4.383034913663449572e+01
5.257907390594482422e+00,2.504528350830078125e+02,1.870603790283203125e+02,2.656666564941406250e+02,2.123333282470703125e+02,5.926844198256731033e-03,9.845576249063014984e-03,2.216582959044108847e+01,3.666855624479214981e+01,4.409818383452837054e+01
5.290958881378173828e+00,2.515492095947265625e+02,1.864108581542968750e+02,2.656666564941406250e+02,2.123333282470703125e+02,5.499729886651039124e-03,1.009861007332801819e-02,1.806665239549945312e+01,3.860571161084849479e+01,4.615344250031748174e+01
5.329164981842041016e+00,2.513785858154296875e+02,1.876959838867187500e+02,2.656666564941406250e+02,2.123333282470703125e+02,5.566199775785207748e-03,9.597963653504848480e-03,2.189984640540075134e+01,3.893346531112079845e+01,4.208868333265851192e+01
5.363095998764038086e+00,2.506988830566406250e+02,1.869708557128906250e+02,2.656666564941406250e+02,2.123333282470703125e+02,5.830991547554731369e-03,9.880451485514640808e-03,1.801789371174533372e+01,4.171209409570051463e+01,4.307095611256344370e+01
5.387291908264160156e+00,2.493695678710937500e+02,1.858768157958984375e+02,2.656666564941406250e+02,2.123333282470703125e+02,6.348852533847093582e-03,1.030665636062622070e-02,1.622811978807081701e+01,4.461713860709618018e+01,4.179689818350151143e+01
5.418732166290283203e+00,2.489930725097656250e+02,1.863587188720703125e+02,2.656666564941406250e+02,2.123333282470703125e+02,6.495523732155561447e-03,1.011892128735780716e-02,2.041233982847005635e+01,4.025242268446385907e+01,4.222306467491753779e+01
5.450468778610229492e+00,2.500357208251953125e+02,1.855535736083984375e+02,2.656666564941406250e+02,2.123333282470703125e+02,6.089339498430490494e-03,1.043258141726255417e-02,1.749114135889278288e+01,3.895196477479773733e+01,4.635529515429747960e+01
5.495194196701049805e+00,2.506131439208984375e+02,1.868266448974609375e+02,2.656666564941406250e+02,2.123333282470703125e+02,5.864392966032028198e-03,9.936631657183170319e-03,2.146498709299743979e+01,3.815988071332036924e+01,4.330236597853547664e+01
5.524205923080444336e+00,2.519553375244140625e+02,1.869956817626953125e+02,2.656666564941406250e+02,2.123333282470703125e+02,5.341514945030212402e-03,9.870779700577259064e-03,1.988340475659677509e+01,3.659310143538550619e+01,4.640047954982050271e+01
5.561869859695434570e+00,2.507019195556640625e+02,1.875336608886718750e+02,2.656666564941406250e+02,2.123333282470703125e+02,5.829808302223682404e-03,9.661199524998664856e-03,2.033804194839378710e+01,4.116001911725943074e+01,4.136544657211682363e+01
5.594416379928588867e+00,2.494528350830078125e+02,1.870603790283203125e+02,2.656666564941406250e+02,2.123333282470703125e+02,6.316414102911949158e-03,9.845576249063014984e-03,1.841985551362275331e+01,4.268976792970719458e+01,4.167526907447087581e+01
5.627176523208618164e+00,2.491601715087890625e+02,1.872906494140625000e+02,2.656666564941406250e+02,2.123333282470703125e+02,6.430427078157663345e-03,9.755869396030902863e-03,1.994237209383087972e+01,4.033130043320555558e+01,4.260569625638363789e+01
5.670818567276000977e+00,2.493551025390625000e+02,1.883926696777343750e+02,2.656666564941406250e+02,2.123333282470703125e+02,6.354487501084804535e-03,9.326555766165256500e-03,2.122298223998068067e+01,3.891126036840657321e+01,4.278437463816040776e+01
5.699523687362670898e+00,2.505563354492187500e+02,1.880140838623046875e+02,2.656666564941406250e+02,2.123333282470703125e+02,5.886523518711328506e-03,9.474041871726512909e-03,1.851445175255590314e+01,3.777146479701322335e+01,4.655286656940072021e+01
5.728423118591308594e+00,2.517193908691406250e+02,1.890959167480468750e+02,2.656666564941406250e+02,2.123333282470703125e+02,5.433432292193174362e-03,9.052592329680919647e-03,2.260208509438576385e+01,3.552568320003864244e+01,4.479469418506454303e+01
5.754576206207275391e+00,2.519553375244140625e+02,1.889956817626953125e+02,2.656666564941406250e+02,2.123333282470703125e+02,5.341514945030212402e-03,9.091640822589397430e-03,1.936891322614133060e+01,3.943612997584070001e+01,4.407245052259286666e+01
5.786859989166259766e+00,2.508684234619140625e+02,1.888157958984375000e+02,2.656666564941406250e+02,2.123333282470703125e+02,5.764943547546863556e-03,9.161719121038913727e-03,1.917351783487497130e+01,4.195664744583586270e+01,4.169428151567375807e+01
5.828025817871093750e+00,2.498381347656250000e+02,1.894379425048828125e+02,2.656666564941406250e+02,2.123333282470703125e+02,6.166312843561172485e-03,8.919348940253257751e-03,2.082974446361363974e+01,4.100441852896769745e+01,4.103630218047715061e+01
5.856872797012329102e+00,2.489499969482421875e+02,1.894250030517578125e+02,2.656666564941406250e+02,2.123333282470703125e+02,6.512304767966270447e-03,8.924390189349651337e-03,1.957644402398816297e+01,4.157914855162376710e+01,4.168698606884954927e+01
5.883532047271728516e+00,2.497816162109375000e+02,1.897356262207031250e+02,2.656666564941406250e+02,2.123333282470703125e+02,6.188330706208944321e-03,8.803380653262138367e-03,2.034732474285428339e+01,3.793479389898863019e+01,4.462478175122671331e+01
5.914747714996337891e+00,2.508684234619140625e+02,1.898157958984375000e+02,2.656666564941406250e+02,2.123333282470703125e+02,5.764943547546863556e-03,8.772148750722408295e-03,1.980777314283109902e+01,3.771578156349278288e+01,4.536634236373728157e+01
5.961908102035522461e+00,2.517400054931640625e+02,1.902866668701171875e+02,2.656666564941406250e+02,2.123333282470703125e+02,5.425401497632265091e-03,8.588711731135845184e-03,2.033911424615302010e+01,3.835640283792064054e+01,4.421178090517892656e+01
6.003532171249389648e+00,2.506131439208984375e+02,1.898266448974609375e+02,2.656666564941406250e+02,2.123333282470703125e+02,5.864392966032028198e-03,8.767922408878803253e-03,1.883546337555617001e+01,4.179952473368997090e+01,4.218729605433785679e+01
6.031306743621826172e+00,2.495568847656250000e+02,1.895073394775390625e+02,2.656666564941406250e+02,2.123333282470703125e+02,6.275879219174385071e-03,8.892314508557319641e-03,1.871291689415749104e+01,4.272953712857416519e+01,4.134715425120275967e+01
6.057981729507446289e+00,2.485810852050781250e+02,1.889324340820312500e+02,2.656666564941406250e+02,2.123333282470703125e+02,6.656021345406770706e-03,9.116279892623424530e-03,1.815565474402410118e+01,4.260749051898815765e+01,4.201782367503874838e+01
6.090771675109863281e+00,2.485810852050781250e+02,1.889324340820312500e+02,2.656666564941406250e+02,2.123333282470703125e+02,6.656021345406770706e-03,9.116279892623424530e-03,1.951604550847090636e+01,4.005095003992215652e+01,4.330810384236710320e+01
6.122252702713012695e+00,2.496684265136718750e+02,1.894220428466796875e+02,2.656666564941406250e+02,2.123333282470703125e+02,6.232426036149263382e-03,8.925543166697025299e-03,2.062438882227042569e+01,3.742905204320469181e+01,4.485760111772931680e+01
6.164994716644287109e+00,2.505193786621093750e+02,1.889224853515625000e+02,2.656666564941406250e+02,2.123333282470703125e+02,5.900920834392309189e-03,9.120156057178974152e-03,1.857791897789824276e+01,3.903423803017022919e+01,4.523850586949917840e+01
6.194165468215942383e+00,2.509347839355468750e+02,1.885724639892578125e+02,2.656666564941406250e+02,2.123333282470703125e+02,5.739091429859399796e-03,9.256513789296150208e-03,1.864335812653920854e+01,3.947114224699265606e+01,4.473820094868057140e+01
6.222077131271362305e+00,2.503069152832031250e+02,1.875806884765625000e+02,2.656666564941406250e+02,2.123333282470703125e+02,5.983690265566110611e-03,9.642879478633403778e-03,1.728073905124760756e+01,4.205591976443621149e+01,4.342844856378509633e+01
6.250485658645629883e+00,2.487182464599609375e+02,1.876542816162109375e+02,2.656666564941406250e+02,2.123333282470703125e+02,6.602587644010782242e-03,9.614209644496440887e-03,1.954434270862387280e+01,4.323347722151763861e+01,3.999964490580561005e+01
6.283426284790039062e+00,2.485810852050781250e+02,1.879324340820312500e+02,2.656666564941406250e+02,2.123333282470703125e+02,6.656021345406770706e-03,9.505849331617355347e-03,1.998817741130167747e+01,4.007196170409297054e+01,4.282473108697317343e+01
6.314229726791381836e+00,2.492572784423828125e+02,1.882281494140625000e+02,2.656666564941406250e+02,2.123333282470703125e+02,6.392596755176782608e-03,9.390648454427719116e-03,2.004789170683154964e+01,3.851315925551832464e+01,4.433891336463029376e+01
6.366478919982910156e+00,2.503673400878906250e+02,1.878979644775390625e+02,2.656666564941406250e+02,2.123333282470703125e+02,5.960150621831417084e-03,9.519278071820735931e-03,1.892536470038958640e+01,3.895595463202540287e+01,4.498292623132174128e+01
6.400447368621826172e+00,2.509723052978515625e+02,1.884348602294921875e+02,2.656666564941406250e+02,2.123333282470703125e+02,5.724474322050809860e-03,9.310119785368442535e-03,2.046659670509539808e+01,3.840131365429120081e+01,4.404220152504687746e+01
6.426556348800659180e+00,2.499347839355468750e+02,1.885724639892578125e+02,2.656666564941406250e+02,2.123333282470703125e+02,6.128661334514617920e-03,9.256513789296150208e-03,1.978196262815537310e+01,4.208166400160646248e+01,4.096435233476678661e+01
6.458389997482299805e+00,2.486676177978515625e+02,1.880890197753906250e+02,2.656666564941406250e+02,2.123333282470703125e+02,6.622310727834701538e-03,9.444848634302616119e-03,1.831695159860706923e+01,4.288134112838903178e+01,4.157747753711520744e+01
6.498501777648925781e+00,2.485810852050781250e+02,1.879324340820312500e+02,2.656666564941406250e+02,2.123333282470703125e+02,6.656021345406770706e-03,9.505849331617355347e-03,1.907585455720387202e+01,4.038542968058264648e+01,4.339743015315856667e+01
6.528016090393066406e+00,2.495211334228515625e+02,1.878239440917968750e+02,2.656666564941406250e+02,2.123333282470703125e+02,6.289807148277759552e-03,9.548114612698554993e-03,1.907563021363848677e+01,3.835248387766755229e+01,4.544016031106045261e+01
6.554670810699462891e+00,2.503507690429687500e+02,1.884073791503906250e+02,2.656666564941406250e+02,2.123333282470703125e+02,5.966606084257364273e-03,9.320825338363647461e-03,2.088278914355908711e+01,3.744406052637927473e+01,4.459028060974461738e+01
6.586582183837890625e+00,2.509221038818359375e+02,1.885703582763671875e+02,2.656666564941406250e+02,2.123333282470703125e+02,5.744031164795160294e-03,9.257333353161811829e-03,1.974143779071146554e+01,3.872436527252052940e+01,4.442551923541503811e+01
6.620779752731323242e+00,2.502355499267578125e+02,1.884658813476562500e+02,2.656666564941406250e+02,2.123333282470703125e+02,6.011492107063531876e-03,9.298034943640232086e-03,1.916306885753176559e+01,4.123676777991248343e+01,4.244449012347176620e+01
6.649961709976196289e+00,2.493551025390625000e+02,1.883926696777343750e+02,2.656666564941406250e+02,2.123333282470703125e+02,6.354487501084804535e-03,9.326555766165256500e-03,1.918819033576919963e+01,4.187149042321969716e+01,4.176769130794999541e+01
6.691361188888549805e+00,2.488684234619140625e+02,1.878157958984375000e+02,2.656666564941406250e+02,2.123333282470703125e+02,6.544082891196012497e-03,9.551288560032844543e-03,1.825864601605580972e+01,4.135211093127231408e+01,4.320595483787153057e+01
6.720101118087768555e+00,2.492632293701171875e+02,1.880933074951171875e+02,2.656666564941406250e+02,2.123333282470703125e+02,6.390278693288564682e-03,9.443178772926330566e-03,1.992007706555563828e+01,3.908736589576334097e+01,4.388725288070514807e+01
6.761941194534301758e+00,2.495916748046875000e+02,1.873242034912109375e+02,2.656666564941406250e+02,2.123333282470703125e+02,6.262326147407293320e-03,9.742798283696174622e-03,1.794942267555826376e+01,4.026230587048897291e+01,4.460826447730282496e+01
6.794377088546752930e+00,2.503673400878906250e+02,1.878979644775390625e+02,2.656666564941406250e+02,2.123333282470703125e+02,5.960150621831417084e-03,9.519278071820735931e-03,2.048501069119559759e+01,3.807787616819925347e+01,4.434771276566441145e+01
6.834100961685180664e+00,2.504142913818359375e+02,1.875000000000000000e+02,2.656666564941406250e+02,2.123333282470703125e+02,5.941859912127256393e-03,9.674312546849250793e-03,1.853075413426114793e+01,4.030638386703842002e+01,4.400525734981609816e+01
6.866616010665893555e+00,2.496911773681640625e+02,1.880000000000000000e+02,2.656666564941406250e+02,2.123333282470703125e+02,6.223563104867935181e-03,9.479528293013572693e-03,2.034356992926445429e+01,4.084310528320918365e+01,4.168607913098686168e+01
6.890940904617309570e+00,2.498593139648437500e+02,1.888574218750000000e+02,2.656666564941406250e+02,2.123333282470703125e+02,6.158062256872653961e-03,9.145502932369709015e-03,2.166512913845657806e+01,3.852372552096603187e+01,4.273750379358561702e+01
6.921825885772705078e+00,2.498647003173828125e+02,1.886764678955078125e+02,2.656666564941406250e+02,2.123333282470703125e+02,6.155963987112045288e-03,9.215996600687503815e-03,1.893330996799957688e+01,4.021771640865975428e+01,4.370576964180001767e+01
6.954644441604614258e+00,2.492326660156250000e+02,1.883019866943359375e+02,2.656666564941406250e+02,2.123333282470703125e+02,6.402185186743736267e-03,9.361883625388145447e-03,1.850524236957519264e+01,4.158386312705474097e+01,4.273019493617350406e+01
6.994839906692504883e+00,2.491600036621093750e+02,1.875599975585937500e+02,2.656666564941406250e+02,2.123333282470703125e+02,6.430492270737886429e-03,9.650940075516700745e-03,1.778857769774764463e+01,4.094232462784309234e+01,4.407502910222842729e+01
7.026096343994140625e+00,2.493299865722656250e+02,1.884780578613281250e+02,2.656666564941406250e+02,2.123333282470703125e+02,6.364271976053714752e-03,9.293290786445140839e-03,2.137354967269586581e+01,3.876722649008142696e+01,4.278083742757510066e+01
7.053577184677124023e+00,2.493095703125000000e+02,1.889568481445312500e+02,2.656666564941406250e+02,2.123333282470703125e+02,6.372225470840930939e-03,9.106769226491451263e-03,2.034676466243779913e+01,3.962815793819378030e+01,4.292305454415700439e+01
7.082696914672851562e+00,2.495283050537109375e+02,1.888207550048828125e+02,2.656666564941406250e+02,2.123333282470703125e+02,6.287013180553913116e-03,9.159786626696586609e-03,1.899866868769098716e+01,3.979095625890070664e+01,4.407369694022609963e+01
7.113660097122192383e+00,2.496089782714843750e+02,1.889369354248046875e+02,2.656666564941406250e+02,2.123333282470703125e+02,6.255585234612226486e-03,9.114526212215423584e-03,1.958554074058161731e+01,3.978629090233738452e+01,4.350835680501765523e+01
7.171835660934448242e+00,2.492680358886718750e+02,1.883659820556640625e+02,2.656666564941406250e+02,2.123333282470703125e+02,6.388406269252300262e-03,9.336952120065689087e-03,1.853237962493330926e+01,4.082721245072422533e+01,4.347569883933209667e+01
7.198300123214721680e+00,2.488339843750000000e+02,1.889732208251953125e+02,2.656666564941406250e+02,2.123333282470703125e+02,6.557499524205923080e-03,9.100390598177909851e-03,2.072374122112090333e+01,4.028978962330651825e+01,4.187646872557269973e+01
7.232231378555297852e+00,2.492326660156250000e+02,1.883019866943359375e+02,2.656666564941406250e+02,2.123333282470703125e+02,6.402185186743736267e-03,9.361883625388145447e-03,1.790595944651938964e+01,4.010876744030599639e+01,4.480444042285486006e+01
7.257866859436035156e+00,2.493299865722656250e+02,1.884780578613281250e+02,2.656666564941406250e+02,2.123333282470703125e+02,6.364271976053714752e-03,9.293290786445140839e-03,1.972653847362235524e+01,3.967364260305513568e+01,4.348473486163899082e+01
7.290373325347900391e+00,2.494637451171875000e+02,1.879441070556640625e+02,2.656666564941406250e+02,2.123333282470703125e+02,6.312164012342691422e-03,9.501302614808082581e-03,1.806262892839644607e+01,4.043808742657856214e+01,4.432244579730392786e+01
7.331529855728149414e+00,2.490197601318359375e+02,1.878774719238281250e+02,2.656666564941406250e+02,2.123333282470703125e+02,6.485126912593841553e-03,9.527261368930339813e-03,1.907154695652835841e+01,4.086278780612320816e+01,4.291600679049915357e+01
7.359304428100585938e+00,2.492864227294921875e+02,1.884724426269531250e+02,2.656666564941406250e+02,2.123333282470703125e+02,6.381243467330932617e-03,9.295478463172912598e-03,2.065506780905882778e+01,3.891115697035001375e+01,4.334491373642153178e+01
7.386422395706176758e+00,2.492572784423828125e+02,1.882281494140625000e+02,2.656666564941406250e+02,2.123333282470703125e+02,6.392596755176782608e-03,9.390648454427719116e-03,1.858668309201602398e+01,4.050278617144782345e+01,4.375244875889772800e+01
7.418057203292846680e+00,2.492850494384765625e+02,1.886308441162109375e+02,2.656666564941406250e+02,2.123333282470703125e+02,6.381778046488761902e-03,9.233769960701465607e-03,2.011813373436962138e+01,3.965428868703445175e+01,4.312114210887068566e+01
7.449851751327514648e+00,2.492850494384765625e+02,1.886308441162109375e+02,2.656666564941406250e+02,2.123333282470703125e+02,6.381778046488761902e-03,9.233769960701465607e-03,1.923665736577645546e+01,4.012881602470851305e+01,4.350131572550394310e+01
7.482382774353027344e+00,2.492056732177734375e+02,1.889007110595703125e+02,2.656666564941406250e+02,2.123333282470703125e+02,6.412700749933719635e-03,9.128638543188571930e-03,1.982819688281243131e+01,3.999124860878440302e+01,4.306357952064852412e+01
7.524538755416870117e+00,2.495211334228515625e+02,1.888239440917968750e+02,2.656666564941406250e+02,2.123333282470703125e+02,6.289807148277759552e-03,9.158544242382049561e-03,1.909987144202484899e+01,3.968740328934170947e+01,4.408013223853978957e+01
7.561944246292114258e+00,2.489545440673828125e+02,1.885000000000000000e+02,2.656666564941406250e+02,2.123333282470703125e+02,6.510532926768064499e-03,9.284743107855319977e-03,1.867671492982523773e+01,4.118489031179757376e+01,4.297150189230489303e+01
7.594560146331787109e+00,2.492155914306640625e+02,1.883532104492187500e+02,2.656666564941406250e+02,2.123333282470703125e+02,6.408837158232927322e-03,9.341928176581859589e-03,1.887286790703783623e+01,3.984908139861117604e+01,4.413673848061323213e+01
7.626749515533447266e+00,2.492326660156250000e+02,1.883019866943359375e+02,2.656666564941406250e+02,2.123333282470703125e+02,6.402185186743736267e-03,9.361883625388145447e-03,1.906305952109228130e+01,4.018563373693641694e+01,4.361241745156739569e+01
7.665165662765502930e+00,2.491428527832031250e+02,1.892142791748046875e+02,2.656666564941406250e+02,2.123333282470703125e+02,6.437173578888177872e-03,9.006481617689132690e-03,2.093317985663306757e+01,3.945960302625819338e+01,4.251546459232275765e+01
7.695394039154052734e+00,2.493299865722656250e+02,1.884780578613281250e+02,2.656666564941406250e+02,2.123333282470703125e+02,6.364271976053714752e-03,9.293290786445140839e-03,1.747973266451154828e+01,4.060373722840454036e+01,4.471249066692998753e+01
7.723953962326049805e+00,2.489004974365234375e+02,1.886486206054687500e+02,2.656666564941406250e+02,2.123333282470703125e+02,6.531588267534971237e-03,9.226845577359199524e-03,1.958330676740627396e+01,4.081935905027718547e+01,4.246000297926335776e+01
7.755787849426269531e+00,2.492864227294921875e+02,1.884724426269531250e+02,2.656666564941406250e+02,2.123333282470703125e+02,6.381243467330932617e-03,9.295478463172912598e-03,1.878411639957178636e+01,3.965037671152090581e+01,4.442255555304920023e+01
7.786601305007934570e+00,2.488684234619140625e+02,1.888157958984375000e+02,2.656666564941406250e+02,2.123333282470703125e+02,6.544082891196012497e-03,9.161719121038913727e-03,1.996022821670832670e+01,4.059230711494615207e+01,4.232171492823173509e+01
7.819297552108764648e+00,2.492680358886718750e+02,1.883659820556640625e+02,2.656666564941406250e+02,2.123333282470703125e+02,6.388406269252300262e-03,9.336952120065689087e-03,1.819154151174299017e+01,3.992781827970004827e+01,4.471315664028326609e+01
7.854963541030883789e+00,2.493299865722656250e+02,1.884780578613281250e+02,2.656666564941406250e+02,2.123333282470703125e+02,6.364271976053714752e-03,9.293290786445140839e-03,1.937173220076659064e+01,3.995782840716850615e+01,4.354305886103522027e+01
7.889348506927490234e+00,2.492239532470703125e+02,1.888385467529296875e+02,2.656666564941406250e+02,2.123333282470703125e+02,6.405579391866922379e-03,9.152855724096298218e-03,1.999546977256905222e+01,3.996970119959907919e+01,4.292150198871436118e+01
7.913965463638305664e+00,2.492572784423828125e+02,1.882281494140625000e+02,2.656666564941406250e+02,2.123333282470703125e+02,6.392596755176782608e-03,9.390648454427719116e-03,1.768761379183968430e+01,4.080277988643328513e+01,4.431298722330839013e+01
7.962768077850341797e+00,2.492572784423828125e+02,1.892281494140625000e+02,2.656666564941406250e+02,2.123333282470703125e+02,6.392596755176782608e-03,9.001078084111213684e-03,2.061095084866418858e+01,3.946830340216193633e+01,4.282499190591948235e+01
8.004412651062011719e+00,2.491601715087890625e+02,1.882906494140625000e+02,2.656666564941406250e+02,2.123333282470703125e+02,6.430427078157663345e-03,9.366299957036972046e-03,1.721970919969983882e+01,4.125463249551215483e+01,4.430203802093213028e+01
8.037011384963989258e+00,2.491868743896484375e+02,1.894393920898437500e+02,2.656666564941406250e+02,2.123333282470703125e+02,6.420024204999208450e-03,8.918784558773040771e-03,2.141753364405647631e+01,3.903754851259765246e+01,4.246349338953011454e+01
8.071458339691162109e+00,2.493907775878906250e+02,1.885914459228515625e+02,2.656666564941406250e+02,2.123333282470703125e+02,6.340589839965105057e-03,9.249119088053703308e-03,1.728031669258841418e+01,4.068392398121753217e+01,4.482138503862080370e+01
8.096476793289184570e+00,2.495568847656250000e+02,1.895073394775390625e+02,2.656666564941406250e+02,2.123333282470703125e+02,6.275879219174385071e-03,8.892314508557319641e-03,2.125968983235694409e+01,3.881425354218194457e+01,4.284611080720193144e+01
8.123093366622924805e+00,2.495568847656250000e+02,1.895073394775390625e+02,2.656666564941406250e+02,2.123333282470703125e+02,6.275879219174385071e-03,8.892314508557319641e-03,1.919914525565949148e+01,4.012512014959192896e+01,4.354153023899468167e+01
8.155182361602783203e+00,2.492056732177734375e+02,1.889007110595703125e+02,2.656666564941406250e+02,2.123333282470703125e+02,6.412700749933719635e-03,9.128638543188571930e-03,1.786264103143038184e+01,4.139473092096508822e+01,4.354433962003707137e+01
8.195546388626098633e+00,2.488593139648437500e+02,1.888574218750000000e+02,2.656666564941406250e+02,2.123333282470703125e+02,6.547631695866584778e-03,9.145502932369709015e-03,1.904794889869130969e+01,4.075624349186765016e+01,4.304757218133947561e+01
8.230033636093139648e+00,2.485810852050781250e+02,1.879324340820312500e+02,2.656666564941406250e+02,2.123333282470703125e+02,6.656021345406770706e-03,9.505849331617355347e-03,1.688555935955360354e+01,4.182383793810597439e+01,4.404214591321120054e+01
8.257847785949707031e+00,2.490850830078125000e+02,1.894196929931640625e+02,2.656666564941406250e+02,2.123333282470703125e+02,6.459678988903760910e-03,8.926458656787872314e-03,2.267325541041224568e+01,3.746027198276342318e+01,4.280377491446476057e+01
8.285806417465209961e+00,2.493551025390625000e+02,1.883926696777343750e+02,2.656666564941406250e+02,2.123333282470703125e+02,6.354487501084804535e-03,9.326555766165256500e-03,1.684899961113813660e+01,4.077541780564773433e+01,4.513807974979797422e+01
8.314739465713500977e+00,2.493299865722656250e+02,1.884780578613281250e+02,2.656666564941406250e+02,2.123333282470703125e+02,6.364271976053714752e-03,9.293290786445140839e-03,1.926917437769622765e+01,4.015945515675204547e+01,4.343863434642744892e+01
8.367744445800781250e+00,2.492304840087890625e+02,1.879519042968750000e+02,2.656666564941406250e+02,2.123333282470703125e+02,6.403035484254360199e-03,9.498264640569686890e-03,1.824463199931798130e+01,4.072467980546090871e+01,4.385750456069241210e+01
8.401791334152221680e+00,2.488593139648437500e+02,1.878574218750000000e+02,2.656666564941406250e+02,2.123333282470703125e+02,6.547631695866584778e-03,9.535072371363639832e-03,1.881882729074580141e+01,4.091819992539948458e+01,4.310542497590581235e+01
8.433559894561767578e+00,2.488222503662109375e+02,1.883688201904296875e+02,2.656666564941406250e+02,2.123333282470703125e+02,6.562070921063423157e-03,9.335846640169620514e-03,2.017962796509011270e+01,3.978144232177891126e+01,4.293184075260852239e+01
8.469151258468627930e+00,2.491176452636718750e+02,1.875000000000000000e+02,2.656666564941406250e+02,2.123333282470703125e+02,6.446993909776210785e-03,9.674312546849250793e-03,1.729444478584989753e+01,4.060233196483941498e+01,4.489021840051059087e+01
8.491041660308837891e+00,2.493649291992187500e+02,1.888933715820312500e+02,2.656666564941406250e+02,2.123333282470703125e+02,6.350659299641847610e-03,9.131497703492641449e-03,2.321907233249146074e+01,3.755048016777126207e+01,4.216572279042839710e+01
8.522696256637573242e+00,2.492864227294921875e+02,1.874724426269531250e+02,2.656666564941406250e+02,2.123333282470703125e+02,6.381243467330932617e-03,9.685048833489418030e-03,1.579477169122627700e+01,4.188773967014568456e+01,4.500710484557740187e+01
8.563586235046386719e+00,2.489723052978515625e+02,1.884348602294921875e+02,2.656666564941406250e+02,2.123333282470703125e+02,6.503613665699958801e-03,9.310119785368442535e-03,2.065252774815584758e+01,3.991821704265520054e+01,4.232655661707521944e+01
8.590556859970092773e+00,2.492326660156250000e+02,1.883019866943359375e+02,2.656666564941406250e+02,2.123333282470703125e+02,6.402185186743736267e-03,9.361883625388145447e-03,1.864495826361767072e+01,3.984286571853715486e+01,4.436293725606604710e+01
8.624220132827758789e+00,2.485487213134765625e+02,1.874131927490234375e+02,2.656666564941406250e+02,2.123333282470703125e+02,6.668629590421915054e-03,9.708130732178688049e-03,1.713998954295407628e+01,4.229081773248475429e+01,4.332308151630013526e+01
8.650381326675415039e+00,2.485810852050781250e+02,1.889324340820312500e+02,2.656666564941406250e+02,2.123333282470703125e+02,6.656021345406770706e-03,9.116279892623424530e-03,2.300139323815806591e+01,3.827732371663908140e+01,4.164960338375345827e+01
8.683335304260253906e+00,2.483299865722656250e+02,1.884780578613281250e+02,2.656666564941406250e+02,2.123333282470703125e+02,6.753841880708932877e-03,9.293290786445140839e-03,1.801137081149883556e+01,4.123624655451062893e+01,4.356254438685672881e+01
8.714533090591430664e+00,2.491291198730468750e+02,1.894282226562500000e+02,2.656666564941406250e+02,2.123333282470703125e+02,6.442523561418056488e-03,8.923135697841644287e-03,2.110820934745319732e+01,3.779925338274374269e+01,4.401534325079144594e+01
8.769573211669921875e+00,2.486089782714843750e+02,1.889369354248046875e+02,2.656666564941406250e+02,2.123333282470703125e+02,6.645155139267444611e-03,9.114526212215423584e-03,1.838449833525149657e+01,4.114932193096672108e+01,4.329098241200217956e+01
8.794970273971557617e+00,2.485810852050781250e+02,1.889324340820312500e+02,2.656666564941406250e+02,2.123333282470703125e+02,6.656021345406770706e-03,9.116279892623424530e-03,1.900900197981146533e+01,4.035424860307423245e+01,4.349400110649204265e+01
8.827703237533569336e+00,2.485810852050781250e+02,1.889324340820312500e+02,2.656666564941406250e+02,2.123333282470703125e+02,6.656021345406770706e-03,9.116279892623424530e-03,1.901489269148454753e+01,4.029094269891833591e+01,4.355246869458940751e+01
8.858864068984985352e+00,2.479424896240234375e+02,1.879944305419921875e+02,2.656666564941406250e+02,2.123333282470703125e+02,6.904799025505781174e-03,9.481697343289852142e-03,1.689009603298849527e+01,4.247205277604445683e+01,4.337651592259412325e+01
8.902557611465454102e+00,2.475492095947265625e+02,1.884108581542968750e+02,2.656666564941406250e+02,2.123333282470703125e+02,7.058009039610624313e-03,9.319470264017581940e-03,1.967809749644695927e+01,4.063025672006891398e+01,4.256020227797681343e+01
8.930276393890380859e+00,2.480459747314453125e+02,1.885545959472656250e+02,2.656666564941406250e+02,2.123333282470703125e+02,6.864484399557113647e-03,9.263474494218826294e-03,1.929339919162664430e+01,3.924519156902823624e+01,4.433768436805966218e+01
8.960186004638671875e+00,2.483673400878906250e+02,1.888979644775390625e+02,2.656666564941406250e+02,2.123333282470703125e+02,6.739289965480566025e-03,9.129708632826805115e-03,1.975178267108606889e+01,3.936207430595558776e+01,4.377468175325180511e+01
8.987649440765380859e+00,2.482864227294921875e+02,1.884724426269531250e+02,2.656666564941406250e+02,2.123333282470703125e+02,6.770812906324863434e-03,9.295478463172912598e-03,1.790742527525242878e+01,4.100639423378397908e+01,4.389604639959165411e+01
9.019262790679931641e+00,2.486089782714843750e+02,1.889369354248046875e+02,2.656666564941406250e+02,2.123333282470703125e+02,6.645155139267444611e-03,9.114526212215423584e-03,1.999324500135703531e+01,3.923539369678320554e+01,4.366674490114587570e+01
9.050741910934448242e+00,2.478593139648437500e+02,1.888574218750000000e+02,2.656666564941406250e+02,2.123333282470703125e+02,6.937201600521802902e-03,9.145502932369709015e-03,1.879237855772210253e+01,4.181615011965360651e+01,4.221228904575569629e+01
9.092155933380126953e+00,2.471764984130859375e+02,1.892183685302734375e+02,2.656666564941406250e+02,2.123333282470703125e+02,7.203205954283475876e-03,9.004889056086540222e-03,1.964507143146220258e+01,4.113087711786907619e+01,4.208030036820081676e+01
9.120867490768432617e+00,2.473907775878906250e+02,1.885914459228515625e+02,2.656666564941406250e+02,2.123333282470703125e+02,7.119729183614253998e-03,9.249119088053703308e-03,1.746678182728125606e+01,4.072002685120151710e+01,4.460746352391480229e+01
